{
    "profile": "tabular-data-package",
    "name": "100-BB-2050",
    "resources": [
        {
            "path": "data/elements/volatile.csv",
            "profile": "tabular-data-resource",
            "name": "volatile",
            "format": "csv",
            "mediatype": "text/csv",
            "encoding": "utf-8",
            "schema": {
                "fields": [
                    {
                        "name": "name",
                        "type": "string",
                        "format": "default"
                    },
                    {
                        "name": "bus",
                        "type": "string",
                        "format": "default"
                    },
                    {
                        "name": "capacity",
                        "type": "number",
                        "format": "default"
                    },
                    {
                        "name": "amount",
                        "type": "number",
                        "format": "default"
                    },
                    {
                        "name": "type",
                        "type": "string",
                        "format": "default"
                    },
                    {
                        "name": "profile",
                        "type": "string",
                        "format": "default"
                    },
                    {
                        "name": "carrier",
                        "type": "string",
                        "format": "default"
                    }
                ],
                "missingValues": [
                    ""
                ],
                "primaryKey": "name",
                "foreignKeys": [
                    {
                        "fields": "bus",
                        "reference": {
                            "resource": "bus",
                            "fields": "name"
                        }
                    },
                    {
                        "fields": "profile",
                        "reference": {
                            "resource": "volatile_profile"
                        }
                    }
                ]
            }
        },
        {
            "path": "data/elements/dispatchable.csv",
            "profile": "tabular-data-resource",
            "name": "dispatchable",
            "format": "csv",
            "mediatype": "text/csv",
            "encoding": "utf-8",
            "schema": {
                "fields": [
                    {
                        "name": "name",
                        "type": "string",
                        "format": "default"
                    },
                    {
                        "name": "bus",
                        "type": "string",
                        "format": "default"
                    },
                    {
                        "name": "marginal_cost",
                        "type": "number",
                        "format": "default"
                    },
                    {
                        "name": "capacity",
                        "type": "number",
                        "format": "default"
                    },
                    {
                        "name": "storage_capacity",
                        "type": "number",
                        "format": "default"
                    },
                    {
                        "name": "type",
                        "type": "string",
                        "format": "default"
                    },
                    {
                        "name": "carrier",
                        "type": "string",
                        "format": "default"
                    },
                    {
                        "name": "edges_parameters",
                        "type": "object",
                        "format": "default"
                    }
                ],
                "missingValues": [
                    ""
                ],
                "primaryKey": "name",
                "foreignKeys": [
                    {
                        "fields": "bus",
                        "reference": {
                            "resource": "bus",
                            "fields": "name"
                        }
                    }
                ]
            }
        },
        {
            "path": "data/elements/bus.csv",
            "profile": "tabular-data-resource",
            "name": "bus",
            "format": "csv",
            "mediatype": "text/csv",
            "encoding": "utf-8",
            "schema": {
                "fields": [
                    {
                        "name": "name",
                        "type": "string",
                        "format": "default"
                    },
                    {
                        "name": "type",
                        "type": "string",
                        "format": "default"
                    }
                ],
                "missingValues": [
                    ""
                ],
                "primaryKey": "name"
            }
        },
        {
            "path": "data/sequences/volatile_profile.csv",
            "profile": "tabular-data-resource",
            "name": "volatile_profile",
            "format": "csv",
            "mediatype": "text/csv",
            "encoding": "utf-8",
            "schema": {
                "fields": [
                    {
                        "name": "timeindex",
                        "type": "string",
                        "format": "default"
                    },
                    {
                        "name": "BB_load",
                        "type": "number",
                        "format": "default"
                    },
                    {
                        "name": "BB_utility_scale_solar",
                        "type": "number",
                        "format": "default"
                    },
                    {
                        "name": "BB_utility_scale_wind",
                        "type": "number",
                        "format": "default"
                    },
                    {
                        "name": "BB_distributed_scale_solar",
                        "type": "number",
                        "format": "default"
                    }
                ],
                "missingValues": [
                    ""
                ]
            }
        }
    ]
}
